id,country_id:id,state_id:id,name
city_id_ac_as,base.id,base.state_id_ac,"Kab. Aceh Selatan"
city_id_ac_at,base.id,base.state_id_ac,"Kab. Aceh Tenggara"
city_id_ac_ai,base.id,base.state_id_ac,"Kab. Aceh Timur"
city_id_ac_ae,base.id,base.state_id_ac,"Kab. Aceh Tengah"
city_id_ac_ab,base.id,base.state_id_ac,"Kab. Aceh Barat"
city_id_ac_aa,base.id,base.state_id_ac,"Kab. Aceh Besar"
city_id_ac_pi,base.id,base.state_id_ac,"Kab. Pidie"
city_id_ac_au,base.id,base.state_id_ac,"Kab. Aceh Utara"
city_id_ac_si,base.id,base.state_id_ac,"Kab. Simeulue"
city_id_ac_an,base.id,base.state_id_ac,"Kab. Aceh Singkil"
city_id_ac_bi,base.id,base.state_id_ac,"Kab. Bireuen"
city_id_ac_bd,base.id,base.state_id_ac,"Kab. Aceh Barat Daya"
city_id_ac_gl,base.id,base.state_id_ac,"Kab. Gayo Lues"
city_id_ac_aj,base.id,base.state_id_ac,"Kab. Aceh Jaya"
city_id_ac_nr,base.id,base.state_id_ac,"Kab. Nagan Raya"
city_id_ac_am,base.id,base.state_id_ac,"Kab. Aceh Tamiang"
city_id_ac_bm,base.id,base.state_id_ac,"Kab. Bener Meriah"
city_id_ac_pj,base.id,base.state_id_ac,"Kab. Pidie Jaya"
city_id_ac_ba,base.id,base.state_id_ac,"Kota Banda Aceh"
city_id_ac_sa,base.id,base.state_id_ac,"Kota Sabang"
city_id_ac_lh,base.id,base.state_id_ac,"Kota Lhokseumawe"
city_id_ac_la,base.id,base.state_id_ac,"Kota Langsa"
city_id_ac_su,base.id,base.state_id_ac,"Kota Subulussalam"
city_id_ba_je,base.id,base.state_id_ba,"Kab. Jembrana"
city_id_ba_ta,base.id,base.state_id_ba,"Kab. Tabanan"
city_id_ba_ba,base.id,base.state_id_ba,"Kab. Badung"
city_id_ba_gi,base.id,base.state_id_ba,"Kab. Gianyar"
city_id_ba_kl,base.id,base.state_id_ba,"Kab. Klungkung"
city_id_ba_bn,base.id,base.state_id_ba,"Kab. Bangli"
city_id_ba_ka,base.id,base.state_id_ba,"Kab. Karangasem"
city_id_ba_bu,base.id,base.state_id_ba,"Kab. Buleleng"
city_id_ba_de,base.id,base.state_id_ba,"Kota Denpasar"
city_id_bb_ba,base.id,base.state_id_bb,"Kab. Bangka"
city_id_bb_be,base.id,base.state_id_bb,"Kab. Belitung"
city_id_bb_bs,base.id,base.state_id_bb,"Kab. Bangka Selatan"
city_id_bb_bt,base.id,base.state_id_bb,"Kab. Bangka Tengah"
city_id_bb_bb,base.id,base.state_id_bb,"Kab. Bangka Barat"
city_id_bb_bi,base.id,base.state_id_bb,"Kab. Belitung Timur"
city_id_bb_pp,base.id,base.state_id_bb,"Kota Pangkal Pinang"
city_id_bt_pa,base.id,base.state_id_bt,"Kab. Pandeglang"
city_id_bt_le,base.id,base.state_id_bt,"Kab. Lebak"
city_id_bt_ta,base.id,base.state_id_bt,"Kab. Tangerang"
city_id_bt_se,base.id,base.state_id_bt,"Kab. Serang"
city_id_bt_tn,base.id,base.state_id_bt,"Kota Tangerang"
city_id_bt_ci,base.id,base.state_id_bt,"Kota Cilegon"
city_id_bt_sr,base.id,base.state_id_bt,"Kota Serang"
city_id_bt_ts,base.id,base.state_id_bt,"Kota Tangerang Selatan"
city_id_be_bs,base.id,base.state_id_be,"Kab. Bengkulu Selatan"
city_id_be_rl,base.id,base.state_id_be,"Kab. Rejang Lebong"
city_id_be_bu,base.id,base.state_id_be,"Kab. Bengkulu Utara"
city_id_be_ka,base.id,base.state_id_be,"Kab. Kaur"
city_id_be_se,base.id,base.state_id_be,"Kab. Seluma"
city_id_be_mm,base.id,base.state_id_be,"Kab. Muko Muko"
city_id_be_le,base.id,base.state_id_be,"Kab. Lebong"
city_id_be_ke,base.id,base.state_id_be,"Kab. Kepahiang"
city_id_be_bt,base.id,base.state_id_be,"Kab. Bengkulu Tengah"
city_id_be_be,base.id,base.state_id_be,"Kota Bengkulu"
city_id_go_go,base.id,base.state_id_go,"Kab. Gorontalo"
city_id_go_bo,base.id,base.state_id_go,"Kab. Boalemo"
city_id_go_bb,base.id,base.state_id_go,"Kab. Bone Bolango"
city_id_go_pa,base.id,base.state_id_go,"Kab. Pohuwato"
city_id_go_gu,base.id,base.state_id_go,"Kab. Gorontalo Utara"
city_id_go_gr,base.id,base.state_id_go,"Kota Gorontalo"
city_id_jk_ks,base.id,base.state_id_jk,"Kab. Adm. Kep. Seribu"
city_id_jk_jp,base.id,base.state_id_jk,"Kota Adm. Jakarta Pusat"
city_id_jk_ju,base.id,base.state_id_jk,"Kota Adm. Jakarta Utara"
city_id_jk_jb,base.id,base.state_id_jk,"Kota Adm. Jakarta Barat"
city_id_jk_js,base.id,base.state_id_jk,"Kota Adm. Jakarta Selatan"
city_id_jk_jt,base.id,base.state_id_jk,"Kota Adm. Jakarta Timur"
city_id_ja_ke,base.id,base.state_id_ja,"Kab. Kerinci"
city_id_ja_me,base.id,base.state_id_ja,"Kab. Merangin"
city_id_ja_sa,base.id,base.state_id_ja,"Kab. Sarolangun"
city_id_ja_ba,base.id,base.state_id_ja,"Kab. Batanghari"
city_id_ja_mj,base.id,base.state_id_ja,"Kab. Muaro Jambi"
city_id_ja_jb,base.id,base.state_id_ja,"Kab. Tanjung Jabung Barat"
city_id_ja_jt,base.id,base.state_id_ja,"Kab. Tanjung Jabung Timur"
city_id_ja_bu,base.id,base.state_id_ja,"Kab. Bungo"
city_id_ja_te,base.id,base.state_id_ja,"Kab. Tebo"
city_id_ja_ja,base.id,base.state_id_ja,"Kota Jambi"
city_id_ja_sp,base.id,base.state_id_ja,"Kota Sungai Penuh"
city_id_jb_bo,base.id,base.state_id_jb,"Kab. Bogor"
city_id_jb_su,base.id,base.state_id_jb,"Kab. Sukabumi"
city_id_jb_ci,base.id,base.state_id_jb,"Kab. Cianjur"
city_id_jb_ba,base.id,base.state_id_jb,"Kab. Bandung"
city_id_jb_ga,base.id,base.state_id_jb,"Kab. Garut"
city_id_jb_ta,base.id,base.state_id_jb,"Kab. Tasikmalaya"
city_id_jb_ca,base.id,base.state_id_jb,"Kab. Ciamis"
city_id_jb_ku,base.id,base.state_id_jb,"Kab. Kuningan"
city_id_jb_cr,base.id,base.state_id_jb,"Kab. Cirebon"
city_id_jb_ma,base.id,base.state_id_jb,"Kab. Majalengka"
city_id_jb_sm,base.id,base.state_id_jb,"Kab. Sumedang"
city_id_jb_in,base.id,base.state_id_jb,"Kab. Indramayu"
city_id_jb_sb,base.id,base.state_id_jb,"Kab. Subang"
city_id_jb_pu,base.id,base.state_id_jb,"Kab. Purwakarta"
city_id_jb_ka,base.id,base.state_id_jb,"Kab. Karawang"
city_id_jb_be,base.id,base.state_id_jb,"Kab. Bekasi"
city_id_jb_bb,base.id,base.state_id_jb,"Kab. Bandung Barat"
city_id_jb_pa,base.id,base.state_id_jb,"Kab. Pangandaran"
city_id_jb_bg,base.id,base.state_id_jb,"Kota Bogor"
city_id_jb_sk,base.id,base.state_id_jb,"Kota Sukabumi"
city_id_jb_bn,base.id,base.state_id_jb,"Kota Bandung"
city_id_jb_ce,base.id,base.state_id_jb,"Kota Cirebon"
city_id_jb_bk,base.id,base.state_id_jb,"Kota Bekasi"
city_id_jb_de,base.id,base.state_id_jb,"Kota Depok"
city_id_jb_cm,base.id,base.state_id_jb,"Kota Cimahi"
city_id_jb_ts,base.id,base.state_id_jb,"Kota Tasikmalaya"
city_id_jb_bj,base.id,base.state_id_jb,"Kota Banjar"
city_id_jt_ci,base.id,base.state_id_jt,"Kab. Cilacap"
city_id_jt_ba,base.id,base.state_id_jt,"Kab. Banyumas"
city_id_jt_pu,base.id,base.state_id_jt,"Kab. Purbalingga"
city_id_jt_bn,base.id,base.state_id_jt,"Kab. Banjarnegara"
city_id_jt_ke,base.id,base.state_id_jt,"Kab. Kebumen"
city_id_jt_pr,base.id,base.state_id_jt,"Kab. Purworejo"
city_id_jt_wo,base.id,base.state_id_jt,"Kab. Wonosobo"
city_id_jt_ma,base.id,base.state_id_jt,"Kab. Magelang"
city_id_jt_bo,base.id,base.state_id_jt,"Kab. Boyolali"
city_id_jt_kl,base.id,base.state_id_jt,"Kab. Klaten"
city_id_jt_su,base.id,base.state_id_jt,"Kab. Sukoharjo"
city_id_jt_wn,base.id,base.state_id_jt,"Kab. Wonogiri"
city_id_jt_ka,base.id,base.state_id_jt,"Kab. Karanganyar"
city_id_jt_sr,base.id,base.state_id_jt,"Kab. Sragen"
city_id_jt_gr,base.id,base.state_id_jt,"Kab. Grobogan"
city_id_jt_bl,base.id,base.state_id_jt,"Kab. Blora"
city_id_jt_re,base.id,base.state_id_jt,"Kab. Rembang"
city_id_jt_pa,base.id,base.state_id_jt,"Kab. Pati"
city_id_jt_ku,base.id,base.state_id_jt,"Kab. Kudus"
city_id_jt_je,base.id,base.state_id_jt,"Kab. Jepara"
city_id_jt_de,base.id,base.state_id_jt,"Kab. Demak"
city_id_jt_se,base.id,base.state_id_jt,"Kab. Semarang"
city_id_jt_te,base.id,base.state_id_jt,"Kab. Temanggung"
city_id_jt_kn,base.id,base.state_id_jt,"Kab. Kendal"
city_id_jt_bt,base.id,base.state_id_jt,"Kab. Batang"
city_id_jt_pe,base.id,base.state_id_jt,"Kab. Pekalongan"
city_id_jt_pm,base.id,base.state_id_jt,"Kab. Pemalang"
city_id_jt_tg,base.id,base.state_id_jt,"Kab. Tegal"
city_id_jt_br,base.id,base.state_id_jt,"Kab. Brebes"
city_id_jt_mg,base.id,base.state_id_jt,"Kota Magelang"
city_id_jt_sk,base.id,base.state_id_jt,"Kota Surakarta"
city_id_jt_sa,base.id,base.state_id_jt,"Kota Salatiga"
city_id_jt_sm,base.id,base.state_id_jt,"Kota Semarang"
city_id_jt_pk,base.id,base.state_id_jt,"Kota Pekalongan"
city_id_jt_ta,base.id,base.state_id_jt,"Kota Tegal"
city_id_ji_pa,base.id,base.state_id_ji,"Kab. Pacitan"
city_id_ji_po,base.id,base.state_id_ji,"Kab. Ponorogo"
city_id_ji_tr,base.id,base.state_id_ji,"Kab. Trenggalek"
city_id_ji_tu,base.id,base.state_id_ji,"Kab. Tulungagung"
city_id_ji_bl,base.id,base.state_id_ji,"Kab. Blitar"
city_id_ji_ke,base.id,base.state_id_ji,"Kab. Kediri"
city_id_ji_ma,base.id,base.state_id_ji,"Kab. Malang"
city_id_ji_lu,base.id,base.state_id_ji,"Kab. Lumajang"
city_id_ji_je,base.id,base.state_id_ji,"Kab. Jember"
city_id_ji_ba,base.id,base.state_id_ji,"Kab. Banyuwangi"
city_id_ji_bo,base.id,base.state_id_ji,"Kab. Bondowoso"
city_id_ji_si,base.id,base.state_id_ji,"Kab. Situbondo"
city_id_ji_pr,base.id,base.state_id_ji,"Kab. Probolinggo"
city_id_ji_ps,base.id,base.state_id_ji,"Kab. Pasuruan"
city_id_ji_sd,base.id,base.state_id_ji,"Kab. Sidoarjo"
city_id_ji_mo,base.id,base.state_id_ji,"Kab. Mojokerto"
city_id_ji_jo,base.id,base.state_id_ji,"Kab. Jombang"
city_id_ji_ng,base.id,base.state_id_ji,"Kab. Nganjuk"
city_id_ji_md,base.id,base.state_id_ji,"Kab. Madiun"
city_id_ji_mg,base.id,base.state_id_ji,"Kab. Magetan"
city_id_ji_na,base.id,base.state_id_ji,"Kab. Ngawi"
city_id_ji_bj,base.id,base.state_id_ji,"Kab. Bojonegoro"
city_id_ji_tb,base.id,base.state_id_ji,"Kab. Tuban"
city_id_ji_la,base.id,base.state_id_ji,"Kab. Lamongan"
city_id_ji_gr,base.id,base.state_id_ji,"Kab. Gresik"
city_id_ji_bn,base.id,base.state_id_ji,"Kab. Bangkalan"
city_id_ji_sa,base.id,base.state_id_ji,"Kab. Sampang"
city_id_ji_pm,base.id,base.state_id_ji,"Kab. Pamekasan"
city_id_ji_su,base.id,base.state_id_ji,"Kab. Sumenep"
city_id_ji_kd,base.id,base.state_id_ji,"Kota Kediri"
city_id_ji_bi,base.id,base.state_id_ji,"Kota Blitar"
city_id_ji_ml,base.id,base.state_id_ji,"Kota Malang"
city_id_ji_pb,base.id,base.state_id_ji,"Kota Probolinggo"
city_id_ji_pu,base.id,base.state_id_ji,"Kota Pasuruan"
city_id_ji_mj,base.id,base.state_id_ji,"Kota Mojokerto"
city_id_ji_mi,base.id,base.state_id_ji,"Kota Madiun"
city_id_ji_sr,base.id,base.state_id_ji,"Kota Surabaya"
city_id_ji_bt,base.id,base.state_id_ji,"Kota Batu"
city_id_kb_sa,base.id,base.state_id_kb,"Kab. Sambas"
city_id_kb_me,base.id,base.state_id_kb,"Kab. Mempawah"
city_id_kb_sn,base.id,base.state_id_kb,"Kab. Sanggau"
city_id_kb_ke,base.id,base.state_id_kb,"Kab. Ketapang"
city_id_kb_si,base.id,base.state_id_kb,"Kab. Sintang"
city_id_kb_kh,base.id,base.state_id_kb,"Kab. Kapuas Hulu"
city_id_kb_be,base.id,base.state_id_kb,"Kab. Bengkayang"
city_id_kb_la,base.id,base.state_id_kb,"Kab. Landak"
city_id_kb_se,base.id,base.state_id_kb,"Kab. Sekadau"
city_id_kb_ml,base.id,base.state_id_kb,"Kab. Melawi"
city_id_kb_ku,base.id,base.state_id_kb,"Kab. Kayong Utara"
city_id_kb_kr,base.id,base.state_id_kb,"Kab. Kubu Raya"
city_id_kb_po,base.id,base.state_id_kb,"Kota Pontianak"
city_id_kb_sg,base.id,base.state_id_kb,"Kota Singkawang"
city_id_ks_tl,base.id,base.state_id_ks,"Kab. Tanah Laut"
city_id_ks_ko,base.id,base.state_id_ks,"Kab. Kotabaru"
city_id_ks_ba,base.id,base.state_id_ks,"Kab. Banjar"
city_id_ks_bk,base.id,base.state_id_ks,"Kab. Barito Kuala"
city_id_ks_ta,base.id,base.state_id_ks,"Kab. Tapin"
city_id_ks_ss,base.id,base.state_id_ks,"Kab. Hulu Sungai Selatan"
city_id_ks_st,base.id,base.state_id_ks,"Kab. Hulu Sungai Tengah"
city_id_ks_su,base.id,base.state_id_ks,"Kab. Hulu Sungai Utara"
city_id_ks_tn,base.id,base.state_id_ks,"Kab. Tabalong"
city_id_ks_tb,base.id,base.state_id_ks,"Kab. Tanah Bumbu"
city_id_ks_bl,base.id,base.state_id_ks,"Kab. Balangan"
city_id_ks_bn,base.id,base.state_id_ks,"Kota Banjarmasin"
city_id_ks_bj,base.id,base.state_id_ks,"Kota Banjarbaru"
city_id_kt_kb,base.id,base.state_id_kt,"Kab. Kotawaringin Barat"
city_id_kt_kt,base.id,base.state_id_kt,"Kab. Kotawaringin Timur"
city_id_kt_kp,base.id,base.state_id_kt,"Kab. Kapuas"
city_id_kt_bs,base.id,base.state_id_kt,"Kab. Barito Selatan"
city_id_kt_bu,base.id,base.state_id_kt,"Kab. Barito Utara"
city_id_kt_ka,base.id,base.state_id_kt,"Kab. Katingan"
city_id_kt_se,base.id,base.state_id_kt,"Kab. Seruyan"
city_id_kt_su,base.id,base.state_id_kt,"Kab. Sukamara"
city_id_kt_la,base.id,base.state_id_kt,"Kab. Lamandau"
city_id_kt_gm,base.id,base.state_id_kt,"Kab. Gunung Mas"
city_id_kt_pp,base.id,base.state_id_kt,"Kab. Pulang Pisau"
city_id_kt_mr,base.id,base.state_id_kt,"Kab. Murung Raya"
city_id_kt_bt,base.id,base.state_id_kt,"Kab. Barito Timur"
city_id_kt_pa,base.id,base.state_id_kt,"Kota Palangkaraya"
city_id_ki_pa,base.id,base.state_id_ki,"Kab. Paser"
city_id_ki_kk,base.id,base.state_id_ki,"Kab. Kutai Kartanegara"
city_id_ki_be,base.id,base.state_id_ki,"Kab. Berau"
city_id_ki_kb,base.id,base.state_id_ki,"Kab. Kutai Barat"
city_id_ki_kt,base.id,base.state_id_ki,"Kab. Kutai Timur"
city_id_ki_pu,base.id,base.state_id_ki,"Kab. Penajam Paser Utara"
city_id_ki_mu,base.id,base.state_id_ki,"Kab. Mahakam Ulu"
city_id_ki_ba,base.id,base.state_id_ki,"Kota Balikpapan"
city_id_ki_sa,base.id,base.state_id_ki,"Kota Samarinda"
city_id_ki_bo,base.id,base.state_id_ki,"Kota Bontang"
city_id_ku_bu,base.id,base.state_id_ku,"Kab. Bulungan"
city_id_ku_ma,base.id,base.state_id_ku,"Kab. Malinau"
city_id_ku_nu,base.id,base.state_id_ku,"Kab. Nunukan"
city_id_ku_tt,base.id,base.state_id_ku,"Kab. Tana Tidung"
city_id_ku_ta,base.id,base.state_id_ku,"Kota Tarakan"
city_id_kr_bi,base.id,base.state_id_kr,"Kab. Bintan"
city_id_kr_kr,base.id,base.state_id_kr,"Kab. Karimun"
city_id_kr_na,base.id,base.state_id_kr,"Kab. Natuna"
city_id_kr_li,base.id,base.state_id_kr,"Kab. Lingga"
city_id_kr_ka,base.id,base.state_id_kr,"Kab. Kepulauan Anambas"
city_id_kr_ba,base.id,base.state_id_kr,"Kota Batam"
city_id_kr_tp,base.id,base.state_id_kr,"Kota Tanjung Pinang"
city_id_la_ls,base.id,base.state_id_la,"Kab. Lampung Selatan"
city_id_la_lt,base.id,base.state_id_la,"Kab. Lampung Tengah"
city_id_la_lu,base.id,base.state_id_la,"Kab. Lampung Utara"
city_id_la_lb,base.id,base.state_id_la,"Kab. Lampung Barat"
city_id_la_tb,base.id,base.state_id_la,"Kab. Tulang Bawang"
city_id_la_ta,base.id,base.state_id_la,"Kab. Tanggamus"
city_id_la_li,base.id,base.state_id_la,"Kab. Lampung Timur"
city_id_la_wk,base.id,base.state_id_la,"Kab. Way Kanan"
city_id_la_pe,base.id,base.state_id_la,"Kab. Pesawaran"
city_id_la_pr,base.id,base.state_id_la,"Kab. Pringsewu"
city_id_la_ms,base.id,base.state_id_la,"Kab. Mesuji"
city_id_la_bb,base.id,base.state_id_la,"Kab. Tulang Bawang Barat"
city_id_la_pb,base.id,base.state_id_la,"Kab. Pesisir Barat"
city_id_la_bl,base.id,base.state_id_la,"Kota Bandar Lampung"
city_id_la_me,base.id,base.state_id_la,"Kota Metro"
city_id_ma_mt,base.id,base.state_id_ma,"Kab. Maluku Tengah"
city_id_ma_me,base.id,base.state_id_ma,"Kab. Maluku Tenggara"
city_id_ma_kt,base.id,base.state_id_ma,"Kab. Kepulauan Tanimbar"
city_id_ma_bu,base.id,base.state_id_ma,"Kab. Buru"
city_id_ma_bt,base.id,base.state_id_ma,"Kab. Seram Bagian Timur"
city_id_ma_bb,base.id,base.state_id_ma,"Kab. Seram Bagian Barat"
city_id_ma_ka,base.id,base.state_id_ma,"Kab. Kepulauan Aru"
city_id_ma_bd,base.id,base.state_id_ma,"Kab. Maluku Barat Daya"
city_id_ma_bs,base.id,base.state_id_ma,"Kab. Buru Selatan"
city_id_ma_am,base.id,base.state_id_ma,"Kota Ambon"
city_id_ma_tu,base.id,base.state_id_ma,"Kota Tual"
city_id_mu_hb,base.id,base.state_id_mu,"Kab. Halmahera Barat"
city_id_mu_ht,base.id,base.state_id_mu,"Kab. Halmahera Tengah"
city_id_mu_hu,base.id,base.state_id_mu,"Kab. Halmahera Utara"
city_id_mu_hs,base.id,base.state_id_mu,"Kab. Halmahera Selatan"
city_id_mu_ks,base.id,base.state_id_mu,"Kab. Kepulauan Sula"
city_id_mu_hi,base.id,base.state_id_mu,"Kab. Halmahera Timur"
city_id_mu_pm,base.id,base.state_id_mu,"Kab. Pulau Morotai"
city_id_mu_pt,base.id,base.state_id_mu,"Kab. Pulau Taliabu"
city_id_mu_te,base.id,base.state_id_mu,"Kota Ternate"
city_id_mu_tk,base.id,base.state_id_mu,"Kota Tidore Kepulauan"
city_id_nb_lb,base.id,base.state_id_nb,"Kab. Lombok Barat"
city_id_nb_lt,base.id,base.state_id_nb,"Kab. Lombok Tengah"
city_id_nb_li,base.id,base.state_id_nb,"Kab. Lombok Timur"
city_id_nb_su,base.id,base.state_id_nb,"Kab. Sumbawa"
city_id_nb_do,base.id,base.state_id_nb,"Kab. Dompu"
city_id_nb_bi,base.id,base.state_id_nb,"Kab. Bima"
city_id_nb_sb,base.id,base.state_id_nb,"Kab. Sumbawa Barat"
city_id_nb_lu,base.id,base.state_id_nb,"Kab. Lombok Utara"
city_id_nb_ma,base.id,base.state_id_nb,"Kota Mataram"
city_id_nb_bm,base.id,base.state_id_nb,"Kota Bima"
city_id_nt_ku,base.id,base.state_id_nt,"Kab. Kupang"
city_id_nt_ts,base.id,base.state_id_nt,"Kab. Timor Tengah Selatan"
city_id_nt_tu,base.id,base.state_id_nt,"Kab. Timor Tengah Utara"
city_id_nt_be,base.id,base.state_id_nt,"Kab. Belu"
city_id_nt_al,base.id,base.state_id_nt,"Kab. Alor"
city_id_nt_ft,base.id,base.state_id_nt,"Kab. Flores Timur"
city_id_nt_sk,base.id,base.state_id_nt,"Kab. Sikka"
city_id_nt_en,base.id,base.state_id_nt,"Kab. Ende"
city_id_nt_ng,base.id,base.state_id_nt,"Kab. Ngada"
city_id_nt_ma,base.id,base.state_id_nt,"Kab. Manggarai"
city_id_nt_si,base.id,base.state_id_nt,"Kab. Sumba Timur"
city_id_nt_sb,base.id,base.state_id_nt,"Kab. Sumba Barat"
city_id_nt_le,base.id,base.state_id_nt,"Kab. Lembata"
city_id_nt_rn,base.id,base.state_id_nt,"Kab. Rote Ndao"
city_id_nt_mb,base.id,base.state_id_nt,"Kab. Manggarai Barat"
city_id_nt_na,base.id,base.state_id_nt,"Kab. Nagekeo"
city_id_nt_st,base.id,base.state_id_nt,"Kab. Sumba Tengah"
city_id_nt_bd,base.id,base.state_id_nt,"Kab. Sumba Barat Daya"
city_id_nt_mt,base.id,base.state_id_nt,"Kab. Manggarai Timur"
city_id_nt_sr,base.id,base.state_id_nt,"Kab. Sabu Raijua"
city_id_nt_ml,base.id,base.state_id_nt,"Kab. Malaka"
city_id_nt_kp,base.id,base.state_id_nt,"Kota Kupang"
city_id_pa_jy,base.id,base.state_id_pa,"Kab. Jayapura"
city_id_pa_ky,base.id,base.state_id_pa,"Kab. Kepulauan Yapen"
city_id_pa_bn,base.id,base.state_id_pa,"Kab. Biak Numfor"
city_id_pa_sa,base.id,base.state_id_pa,"Kab. Sarmi"
city_id_pa_ke,base.id,base.state_id_pa,"Kab. Keerom"
city_id_pa_wa,base.id,base.state_id_pa,"Kab. Waropen"
city_id_pa_su,base.id,base.state_id_pa,"Kab. Supiori"
city_id_pa_mr,base.id,base.state_id_pa,"Kab. Mamberamo Raya"
city_id_pa_jp,base.id,base.state_id_pa,"Kota Jayapura"
city_id_pb_so,base.id,base.state_id_pb,"Kab. Sorong"
city_id_pb_ma,base.id,base.state_id_pb,"Kab. Manokwari"
city_id_pb_ff,base.id,base.state_id_pb,"Kab. Fak Fak"
city_id_pb_ss,base.id,base.state_id_pb,"Kab. Sorong Selatan"
city_id_pb_ra,base.id,base.state_id_pb,"Kab. Raja Ampat"
city_id_pb_tb,base.id,base.state_id_pb,"Kab. Teluk Bintuni"
city_id_pb_tw,base.id,base.state_id_pb,"Kab. Teluk Wondama"
city_id_pb_ka,base.id,base.state_id_pb,"Kab. Kaimana"
city_id_pb_ta,base.id,base.state_id_pb,"Kab. Tambrauw"
city_id_pb_my,base.id,base.state_id_pb,"Kab. Maybrat"
city_id_pb_ms,base.id,base.state_id_pb,"Kab. Manokwari Selatan"
city_id_pb_pa,base.id,base.state_id_pb,"Kab. Pegunungan Arfak"
city_id_pb_sr,base.id,base.state_id_pb,"Kota Sorong"
city_id_ps_as,base.id,base.state_id_ps,"Kab. Asmat"
city_id_ps_bd,base.id,base.state_id_ps,"Kab. Boven Digoel"
city_id_ps_ma,base.id,base.state_id_ps,"Kab. Mappi"
city_id_ps_me,base.id,base.state_id_ps,"Kab. Merauke"
city_id_pt_de,base.id,base.state_id_pt,"Kab. Deiyai"
city_id_pt_do,base.id,base.state_id_pt,"Kab. Dogiyai"
city_id_pt_ij,base.id,base.state_id_pt,"Kab. Intan Jaya"
city_id_pt_mi,base.id,base.state_id_pt,"Kab. Mimika"
city_id_pt_na,base.id,base.state_id_pt,"Kab. Nabire"
city_id_pt_pa,base.id,base.state_id_pt,"Kab. Paniai"
city_id_pt_pu,base.id,base.state_id_pt,"Kab. Puncak"
city_id_pt_pj,base.id,base.state_id_pt,"Kab. Puncak Jaya"
city_id_pp_ja,base.id,base.state_id_pp,"Kab. Jayawijaya"
city_id_pp_lj,base.id,base.state_id_pp,"Kab. Lanny Jaya"
city_id_pp_mt,base.id,base.state_id_pp,"Kab. Mamberamo Tengah"
city_id_pp_nd,base.id,base.state_id_pp,"Kab. Nduga"
city_id_pp_pb,base.id,base.state_id_pp,"Kab. Pegunungan Bintang"
city_id_pp_to,base.id,base.state_id_pp,"Kab. Tolikara"
city_id_pp_ya,base.id,base.state_id_pp,"Kab. Yahukimo"
city_id_pp_yl,base.id,base.state_id_pp,"Kab. Yalimo"
city_id_ri_ka,base.id,base.state_id_ri,"Kab. Kampar"
city_id_ri_ih,base.id,base.state_id_ri,"Kab. Indragiri Hulu"
city_id_ri_be,base.id,base.state_id_ri,"Kab. Bengkalis"
city_id_ri_ii,base.id,base.state_id_ri,"Kab. Indragiri Hilir"
city_id_ri_pe,base.id,base.state_id_ri,"Kab. Pelalawan"
city_id_ri_rh,base.id,base.state_id_ri,"Kab. Rokan Hulu"
city_id_ri_ri,base.id,base.state_id_ri,"Kab. Rokan Hilir"
city_id_ri_si,base.id,base.state_id_ri,"Kab. Siak"
city_id_ri_ks,base.id,base.state_id_ri,"Kab. Kuantan Singingi"
city_id_ri_km,base.id,base.state_id_ri,"Kab. Kepulauan Meranti"
city_id_ri_pk,base.id,base.state_id_ri,"Kota Pekanbaru"
city_id_ri_du,base.id,base.state_id_ri,"Kota Dumai"
city_id_sr_pa,base.id,base.state_id_sr,"Kab. Pasangkayu"
city_id_sr_ma,base.id,base.state_id_sr,"Kab. Mamuju"
city_id_sr_mm,base.id,base.state_id_sr,"Kab. Mamasa"
city_id_sr_pm,base.id,base.state_id_sr,"Kab. Polewali Mandar"
city_id_sr_mj,base.id,base.state_id_sr,"Kab. Majene"
city_id_sr_mt,base.id,base.state_id_sr,"Kab. Mamuju Tengah"
city_id_sn_ks,base.id,base.state_id_sn,"Kab. Kepulauan Selayar"
city_id_sn_bu,base.id,base.state_id_sn,"Kab. Bulukumba"
city_id_sn_ba,base.id,base.state_id_sn,"Kab. Bantaeng"
city_id_sn_je,base.id,base.state_id_sn,"Kab. Jeneponto"
city_id_sn_ta,base.id,base.state_id_sn,"Kab. Takalar"
city_id_sn_go,base.id,base.state_id_sn,"Kab. Gowa"
city_id_sn_si,base.id,base.state_id_sn,"Kab. Sinjai"
city_id_sn_bo,base.id,base.state_id_sn,"Kab. Bone"
city_id_sn_ma,base.id,base.state_id_sn,"Kab. Maros"
city_id_sn_pk,base.id,base.state_id_sn,"Kab. Pangkajene Kepulauan"
city_id_sn_br,base.id,base.state_id_sn,"Kab. Barru"
city_id_sn_so,base.id,base.state_id_sn,"Kab. Soppeng"
city_id_sn_wa,base.id,base.state_id_sn,"Kab. Wajo"
city_id_sn_sr,base.id,base.state_id_sn,"Kab. Sidenreng Rappang"
city_id_sn_pi,base.id,base.state_id_sn,"Kab. Pinrang"
city_id_sn_en,base.id,base.state_id_sn,"Kab. Enrekang"
city_id_sn_lw,base.id,base.state_id_sn,"Kab. Luwu"
city_id_sn_tt,base.id,base.state_id_sn,"Kab. Tana Toraja"
city_id_sn_lu,base.id,base.state_id_sn,"Kab. Luwu Utara"
city_id_sn_lt,base.id,base.state_id_sn,"Kab. Luwu Timur"
city_id_sn_tu,base.id,base.state_id_sn,"Kab. Toraja Utara"
city_id_sn_mk,base.id,base.state_id_sn,"Kota Makassar"
city_id_sn_pp,base.id,base.state_id_sn,"Kota Parepare"
city_id_sn_pa,base.id,base.state_id_sn,"Kota Palopo"
city_id_st_ba,base.id,base.state_id_st,"Kab. Banggai"
city_id_st_po,base.id,base.state_id_st,"Kab. Poso"
city_id_st_do,base.id,base.state_id_st,"Kab. Donggala"
city_id_st_tt,base.id,base.state_id_st,"Kab. Tolitoli"
city_id_st_bu,base.id,base.state_id_st,"Kab. Buol"
city_id_st_mo,base.id,base.state_id_st,"Kab. Morowali"
city_id_st_bk,base.id,base.state_id_st,"Kab. Banggai Kepulauan"
city_id_st_pm,base.id,base.state_id_st,"Kab. Parigi Moutong"
city_id_st_uu,base.id,base.state_id_st,"Kab. Tojo Una-Una"
city_id_st_si,base.id,base.state_id_st,"Kab. Sigi"
city_id_st_bl,base.id,base.state_id_st,"Kab. Banggai Laut"
city_id_st_mu,base.id,base.state_id_st,"Kab. Morowali Utara"
city_id_st_pa,base.id,base.state_id_st,"Kota Palu"
city_id_sg_ko,base.id,base.state_id_sg,"Kab. Kolaka"
city_id_sg_kn,base.id,base.state_id_sg,"Kab. Konawe"
city_id_sg_mu,base.id,base.state_id_sg,"Kab. Muna"
city_id_sg_bn,base.id,base.state_id_sg,"Kab. Buton"
city_id_sg_ks,base.id,base.state_id_sg,"Kab. Konawe Selatan"
city_id_sg_bo,base.id,base.state_id_sg,"Kab. Bombana"
city_id_sg_wa,base.id,base.state_id_sg,"Kab. Wakatobi"
city_id_sg_ku,base.id,base.state_id_sg,"Kab. Kolaka Utara"
city_id_sg_nu,base.id,base.state_id_sg,"Kab. Konawe Utara"
city_id_sg_bu,base.id,base.state_id_sg,"Kab. Buton Utara"
city_id_sg_kt,base.id,base.state_id_sg,"Kab. Kolaka Timur"
city_id_sg_kk,base.id,base.state_id_sg,"Kab. Konawe Kepulauan"
city_id_sg_mb,base.id,base.state_id_sg,"Kab. Muna Barat"
city_id_sg_bt,base.id,base.state_id_sg,"Kab. Buton Tengah"
city_id_sg_bs,base.id,base.state_id_sg,"Kab. Buton Selatan"
city_id_sg_ke,base.id,base.state_id_sg,"Kota Kendari"
city_id_sg_bb,base.id,base.state_id_sg,"Kota Baubau"
city_id_sa_bm,base.id,base.state_id_sa,"Kab. Bolaang Mongondow"
city_id_sa_mi,base.id,base.state_id_sa,"Kab. Minahasa"
city_id_sa_ks,base.id,base.state_id_sa,"Kab. Kepulauan Sangihe"
city_id_sa_kt,base.id,base.state_id_sa,"Kab. Kepulauan Talaud"
city_id_sa_ms,base.id,base.state_id_sa,"Kab. Minahasa Selatan"
city_id_sa_mu,base.id,base.state_id_sa,"Kab. Minahasa Utara"
city_id_sa_mt,base.id,base.state_id_sa,"Kab. Minahasa Tenggara"
city_id_sa_bu,base.id,base.state_id_sa,"Kab. Bolaang Mongondow Utara"
city_id_sa_st,base.id,base.state_id_sa,"Kab. Kep. Siau Tagulandangbiaro"
city_id_sa_bt,base.id,base.state_id_sa,"Kab. Bolaang Mongondow Timur"
city_id_sa_bs,base.id,base.state_id_sa,"Kab. Bolaang Mongondow Selatan"
city_id_sa_ma,base.id,base.state_id_sa,"Kota Manado"
city_id_sa_bi,base.id,base.state_id_sa,"Kota Bitung"
city_id_sa_to,base.id,base.state_id_sa,"Kota Tomohon"
city_id_sa_ko,base.id,base.state_id_sa,"Kota Kotamobagu"
city_id_sb_ps,base.id,base.state_id_sb,"Kab. Pesisir Selatan"
city_id_sb_so,base.id,base.state_id_sb,"Kab. Solok"
city_id_sb_si,base.id,base.state_id_sb,"Kab. Sijunjung"
city_id_sb_td,base.id,base.state_id_sb,"Kab. Tanah Datar"
city_id_sb_pp,base.id,base.state_id_sb,"Kab. Padang Pariaman"
city_id_sb_ag,base.id,base.state_id_sb,"Kab. Agam"
city_id_sb_pk,base.id,base.state_id_sb,"Kab. Lima Puluh Kota"
city_id_sb_pa,base.id,base.state_id_sb,"Kab. Pasaman"
city_id_sb_km,base.id,base.state_id_sb,"Kab. Kepulauan Mentawai"
city_id_sb_dh,base.id,base.state_id_sb,"Kab. Dharmasraya"
city_id_sb_ss,base.id,base.state_id_sb,"Kab. Solok Selatan"
city_id_sb_pb,base.id,base.state_id_sb,"Kab. Pasaman Barat"
city_id_sb_pd,base.id,base.state_id_sb,"Kota Padang"
city_id_sb_sl,base.id,base.state_id_sb,"Kota Solok"
city_id_sb_sa,base.id,base.state_id_sb,"Kota Sawahlunto"
city_id_sb_pj,base.id,base.state_id_sb,"Kota Padang Panjang"
city_id_sb_bu,base.id,base.state_id_sb,"Kota Bukittinggi"
city_id_sb_py,base.id,base.state_id_sb,"Kota Payakumbuh"
city_id_sb_pr,base.id,base.state_id_sb,"Kota Pariaman"
city_id_ss_ou,base.id,base.state_id_ss,"Kab. Ogan Komering Ulu"
city_id_ss_oi,base.id,base.state_id_ss,"Kab. Ogan Komering Ilir"
city_id_ss_me,base.id,base.state_id_ss,"Kab. Muara Enim"
city_id_ss_la,base.id,base.state_id_ss,"Kab. Lahat"
city_id_ss_mr,base.id,base.state_id_ss,"Kab. Musi Rawas"
city_id_ss_mb,base.id,base.state_id_ss,"Kab. Musi Banyuasin"
city_id_ss_ba,base.id,base.state_id_ss,"Kab. Banyuasin"
city_id_ss_ot,base.id,base.state_id_ss,"Kab. Ogan Komering Ulu Timur"
city_id_ss_os,base.id,base.state_id_ss,"Kab. Ogan Komering Ulu Selatan"
city_id_ss_ol,base.id,base.state_id_ss,"Kab. Ogan Ilir"
city_id_ss_el,base.id,base.state_id_ss,"Kab. Empat Lawang"
city_id_ss_al,base.id,base.state_id_ss,"Kab. Penukal Abab Lematangilir"
city_id_ss_ru,base.id,base.state_id_ss,"Kab. Musi Rawas Utara"
city_id_ss_pl,base.id,base.state_id_ss,"Kota Palembang"
city_id_ss_pa,base.id,base.state_id_ss,"Kota Pagar Alam"
city_id_ss_ll,base.id,base.state_id_ss,"Kota Lubuk Linggau"
city_id_ss_pr,base.id,base.state_id_ss,"Kota Prabumulih"
city_id_su_tt,base.id,base.state_id_su,"Kab. Tapanuli Tengah"
city_id_su_tu,base.id,base.state_id_su,"Kab. Tapanuli Utara"
city_id_su_ts,base.id,base.state_id_su,"Kab. Tapanuli Selatan"
city_id_su_ni,base.id,base.state_id_su,"Kab. Nias"
city_id_su_la,base.id,base.state_id_su,"Kab. Langkat"
city_id_su_ka,base.id,base.state_id_su,"Kab. Karo"
city_id_su_ds,base.id,base.state_id_su,"Kab. Deli Serdang"
city_id_su_sm,base.id,base.state_id_su,"Kab. Simalungun"
city_id_su_as,base.id,base.state_id_su,"Kab. Asahan"
city_id_su_lb,base.id,base.state_id_su,"Kab. Labuhanbatu"
city_id_su_da,base.id,base.state_id_su,"Kab. Dairi"
city_id_su_ta,base.id,base.state_id_su,"Kab. Toba Samosir"
city_id_su_mn,base.id,base.state_id_su,"Kab. Mandailing Natal"
city_id_su_ns,base.id,base.state_id_su,"Kab. Nias Selatan"
city_id_su_pb,base.id,base.state_id_su,"Kab. Pakpak Bharat"
city_id_su_hh,base.id,base.state_id_su,"Kab. Humbang Hasundutan"
city_id_su_sa,base.id,base.state_id_su,"Kab. Samosir"
city_id_su_sb,base.id,base.state_id_su,"Kab. Serdang Bedagai"
city_id_su_bb,base.id,base.state_id_su,"Kab. Batu Bara"
city_id_su_pu,base.id,base.state_id_su,"Kab. Padang Lawas Utara"
city_id_su_pl,base.id,base.state_id_su,"Kab. Padang Lawas"
city_id_su_ls,base.id,base.state_id_su,"Kab. Labuhanbatu Selatan"
city_id_su_lu,base.id,base.state_id_su,"Kab. Labuhanbatu Utara"
city_id_su_nu,base.id,base.state_id_su,"Kab. Nias Utara"
city_id_su_nb,base.id,base.state_id_su,"Kab. Nias Barat"
city_id_su_me,base.id,base.state_id_su,"Kota Medan"
city_id_su_pe,base.id,base.state_id_su,"Kota Pematangsiantar"
city_id_su_si,base.id,base.state_id_su,"Kota Sibolga"
city_id_su_tb,base.id,base.state_id_su,"Kota Tanjung Balai"
city_id_su_bi,base.id,base.state_id_su,"Kota Binjai"
city_id_su_ti,base.id,base.state_id_su,"Kota Tebing Tinggi"
city_id_su_ps,base.id,base.state_id_su,"Kota Padang Sidempuan"
city_id_su_gu,base.id,base.state_id_su,"Kota Gunungsitoli"
city_id_yo_kp,base.id,base.state_id_yo,"Kab. Kulon Progo"
city_id_yo_ba,base.id,base.state_id_yo,"Kab. Bantul"
city_id_yo_gu,base.id,base.state_id_yo,"Kab. Gunungkidul"
city_id_yo_sl,base.id,base.state_id_yo,"Kab. Sleman"
city_id_yo_yo,base.id,base.state_id_yo,"Kota Yogyakarta"
